{"cameraMode":{"drawMode":0,"name":"Shaded","section":"Shading Mode"},"sceneLighting":true,"audioPlay":false,"sceneViewState":{"m_AlwaysRefresh":false,"showFog":true,"showSkybox":true,"showFlares":true,"showImageEffects":true,"showParticleSystems":true,"showVisualEffectGraphs":true,"m_FxEnabled":true},"in2DMode":false,"pivot":{"x":-1.0023159980773926,"y":13.513847351074219,"z":17.267807006835939},"rotation":{"x":0.28564974665641787,"y":0.11607473343610764,"z":-0.03487841784954071,"w":0.9506406188011169},"size":0.8270546793937683,"orthographic":false}