{"cameraMode":{"drawMode":0,"name":"Shaded","section":"Shading Mode"},"sceneLighting":true,"audioPlay":false,"sceneViewState":{"m_AlwaysRefresh":false,"showFog":true,"showSkybox":true,"showFlares":true,"showImageEffects":true,"showParticleSystems":true,"showVisualEffectGraphs":true,"m_FxEnabled":true},"in2DMode":false,"pivot":{"x":-2.2810189723968508,"y":-7.746703147888184,"z":4.760898590087891},"rotation":{"x":0.5681890845298767,"y":0.019745202735066415,"z":-0.013638974167406559,"w":0.8225515484809876},"size":15.627363204956055,"orthographic":false}