{"cameraMode":{"drawMode":0,"name":"Shaded","section":"Shading Mode"},"sceneLighting":true,"audioPlay":false,"sceneViewState":{"m_AlwaysRefresh":false,"showFog":true,"showSkybox":true,"showFlares":true,"showImageEffects":true,"showParticleSystems":true,"showVisualEffectGraphs":true,"m_FxEnabled":true},"in2DMode":false,"pivot":{"x":-0.2016134262084961,"y":9.823392868041993,"z":12.718194961547852},"rotation":{"x":0.26381736993789675,"y":0.012440095655620098,"z":-0.003403489477932453,"w":0.9644889831542969},"size":0.7312914729118347,"orthographic":false}