{"cameraMode":{"drawMode":0,"name":"Shaded","section":"Shading Mode"},"sceneLighting":false,"audioPlay":false,"sceneViewState":{"m_AlwaysRefresh":false,"showFog":true,"showSkybox":false,"showFlares":true,"showImageEffects":true,"showParticleSystems":true,"showVisualEffectGraphs":true,"m_FxEnabled":true},"in2DMode":false,"pivot":{"x":0.8362083435058594,"y":0.5453696250915527,"z":1.7610020637512208},"rotation":{"x":0.27938392758369448,"y":0.04692685604095459,"z":-0.013672697357833386,"w":0.9589371681213379},"size":1.257124423980713,"orthographic":false}